seat,full_flight,middle_empty
"Window (A/F)",0.0017699115044247787,0.0010869565217391304
"Middle (B/E)",0.002061855670103093,N/A
"Aisle (C/F)",0.0022172949002217295,0.0013774104683195593
"Any seat",0.0002545824847250509,0.00015569048731122528
